{"avg": 18.692307692307693, "stddev": 4.825965274264037, "type_distribution": {"t1": 114, "t2": 14, "t3": 63, "t4": 73, "t5": 82, "t6": 51, "t7": 19, "t8": 65, "t9": 6}}